username;password;users
Jesper;1234;null
username;password;users
Toby;12365;null
username;password;users
toby;12315;null
username;password;users
toby;12315;null
username;password;users
linus;12315;null
username;password;users
linus;12315;null
username;password;users
linus;12315;null
username;password;users
linus;12315;null
username;password;users
linus;12315;null
username;password;users
linus;12315;null
username;password;users
linus;12315;null
username;password;users
linus;12315;null
username;password;users
linus;12315;null
username;password;users
linus;12315;null
username;password;users
linus;12315;null
